Heights at Millcroft,BS09359184912
Highland Grand,BS46000531492
Highland Park Atlanta,BS01804693701
Highland Terrace Communities,BS09610506261
Horizons East,BS02636851844
Icon at Ferguson Farm Ph. I,BS87947612857
Icon at Hardin Valley,BS87687161303
Jackson Square,BS20556448334
The Kelvin,BS30622356307
Kingstowne Apartments,BS68172286694
Knox at Metrocenter,BS98232993104
L Estancia Apartments,BS23312939241
Lake Creek Village,BS13617314941
Lake in the Woods,BS76772673023
Leena Plantation,BS03255875868
Lenox at Patterson Place,BS47059663044
Lodge at Black Forest,BS06702979717
Luxe at Boca Phase I,BS85639503980
Madison Pointe,BS98347361467
Main Street Lofts,BS86837413400
Mainstead at Century Farms,BS02353391829
Martins Creek,BS75641991473
Mesquite Terraces,BS66864498967
Midland Falls Apartments,BS27710184254
Mountain View,BS94563338613
Nine12 Gateway,BS92400965285
NORA Apartments,BS74824730638
North and Line,BS50610913081
North Beach on Kernan,BS14930018484
Ocean Pointe,BS15710384308
One Hundred Prince,BS98621106985
Orion McCord Park,BS02554623175
Orion McKinney,BS24194431178
Orion Prosper,BS27063170234
Orion Prosper Lakes,BS46673721282
Palm Bay Grand,BS30594473893
Palmer House,BS81339781648
Park at Abernathy Square,BS02848272974
Park at Whispering Pines,BS89099496277
Peloton,BS49586887751
Pembroke Square at Peabody Place,BS95944382303
Pheasant Run,BS68482553676
Pointe at Lenox Park,BS26360285226
Populus Waterside,BS75151791089
Populus Westside,BS81268997638
Prairie View,BS08827558107
Premiere Lofts at Trilith,BS17629303875
Preserve at Perdido Apartments,BS88501917080
Preserve Cypress Hammock,BS10417118450
Radius,BS13578604627
Regatta at New River,BS92665300886
Regency Park,BS71790101249
Regent at Bellevue Way,BS36467794008
Renaissance at North Bend,BS51705827279
Reserve at Johnson City,BS79496288147
Reserve at Meadowmont,BS75384672432
Residence at Midland,BS21581596512
Residences at Chastain,BS51202576494
Revive Benton,BS83330370158
Ridge at Perry Bend,BS06188492886
Ridge at Rolling Hills,BS60629879599
Riverhouse at 11th,BS56211514416
Riverwalk Grand,BS32456772781
Roswell Court,BS91677595159
Saba Pompano Beach,BS30592772341
Second Avenue,BS82004345247
Shadowood Heights,BS60738600909
Sherwood Station,BS19178015498
Silvana Oaks,BS57725770271
Society Westshore,BS07228404298
SoCo Park Apartments,BS03177379414
Southcrest Reserve,BS68249007759
Springs at 1100,BS88708413551
Square One,BS74372236437
Sterling Nashville West,BS78264395450
Stetson Ridge,BS99425260386
Sutter Lake,BS26531379255
Terano Apartments,BS34312098695
Terrabella Coastal,BS33095625614
Tessa at Barrow Crossing,BS24249535226
The Altair,BS94672330023
The Ashley,BS19406312446
The Aster,BS33793853593
The Banks Apartments,BS31219678338
The Bengal,BS91232817784
The Bond,BS93006510618
The Collins,BS83049388488
The Cove,BS21934241809
The Crockett,BS95956877793
The Darnell,BS84280869326
The Dempsey,BS96911502287
The Easton Riverview,BS22366692613
The Farm at Golston Hill,BS60139930198
The Grafton,BS93746337052
The Huntley,BS49629706213
The Ivy Residences at Health Village,BS67430405085
The Julian,BS94165147632
The Legacy Apartments,BS44827720126
The Link,BS17915509538
The Links at Pebble Creek,BS50403319782
The Parker at Maitland Station,BS60569239119
The Presley,BS99280176225
The Retreat at Spring Creek,BS17333983401
The Rise,BS65301507293
The Sylvan,BS50766740907
The Teale,BS71621371205
The Tyde,BS39163334898
The Victor,BS45372890627
The Vue Beachwood,BS52507820287
Trail Ridge at Woodland Park,BS71758362489
Velo Verdae,BS03758310811
Ventana at Valwood Apartments,BS99605833167
Ventana Ridge,BS83773310667
Venue Brookwood,BS11096979510
Vintage at Emory Road,BS09922038622
Vintage at Foxland Harbor,BS43268012289
Vintage Cleveland,BS60641556369
Vintage Creekwood Park,BS06214599756
Vintage Crossing,BS06940419932
Vintage Hunters Crossing,BS02841973956
Vintage Lake Mary,BS42353129615
Vintage Winter Park Apartments,BS20846728125
Waterleaf at Cold Springs,BS92691790118
Waters Landing,BS23161132698
Wellington Place,BS31748971014
Wellspring,BS36635846453
Wildwood Apartments,BS06708446295
Wildwood Ridge,BS41559324938
Willow Creek,BS34353680896
Winchell Way,BS66125432973
Windsor Court,BS66691417745
Windward Place,BS90417892182
Woodcrest Village,BS21890435666
WoodHaven at Park Bridge,BS34198104848
Woodland Trail,BS71604554057