Falls Creek,fallscreek.cd@fpimgt.com
Farm by Vintage,farmbyvintage.cd@fpimgt.com
Forest Creek,forestcreek.cd@fpimgt.com
Gateway by Vintage,gatewayvintage.cd@fpimgt.com
Heights by Vintage,sydni.wickert@fpimgt.com
Highland by Vintage,highlandvintage.cd@fpimgt.com
Latitude 112 by Vintage,latitude112byvintage.cd@fpimgt.com
Meadows By Vintage,meadows.cd@fpimgt.com
Pointe By Vintage,Shanta.keller@fpimgt.com
Quilceda Creek,quilcedacreek.cd@fpimgt.com
Quinn by Vintage,quinnvintage.cd@fpimgt.com
Ridgeview by Vintage, Ridgeviewvintage.cd@fpimgt.com
Seasons at Laguna Ridge,seasons.info@fpimgt.com
Silver Creek,silvercreek@fpimgt.com
Sky Mountain by Vintage,skymountain.cd@fpimgt.com 
South Hill by Vintage,andrea.mcpherson@fpimgt.com
South Peak by Vintage,maria.inocence@fpimgt.com
Station by Vintage,stationbyvintage.cd@fpimgt.com
Steamboat by Vintage,steamboatvintage.cd@fpimgt.com
Timbers by Vintage,timbers.cd@fpimgt.com
Urban Center,urbancenter.cd@fpimgt.com
View by Vintage,viewvintage.cd@fpimgt.com
Vine by Vintage,vine.cd1@fpimgt.com
Vintage at Arlinton,vintagearlington.cd@fpimgt.com
Vintage at Bellingham,vintagebellingham.cd@fpimgt.com
Vintage at Bend,vintagebend.cd@fpimgt.com
Vintage at Bouquet,vintagebouquetcanyon.cd@fpimgt.com
Vintage at Bremerton,vintagebremerton.cd@fpimgt.com
Vintage at Burien,vintage.burien@fpimgt.com
Vintage at Chehalis,vintagechehalis.cd@fpimgt.com
Vintage at Citi Vista,vintagecitivista.cd@fpimgt.com
Vintage at Crossings,vintagecrossings.cd@fpimgt.com 
Vintage at Everett,vintageateverett.cd@fpimgt.com
Vintage at Holly Village,vintagehollyillage.cd@fpimgt.com
Vintage at Lakewood,vintagelakewood.cd@fpimgt.com
Vintage at Laughlin,vintagelaughlin.cd@fpimgt.com
Vintage at Mill Creek,vintagemillcreek.cd@fpimgt.com
Vintage at Mt. Vernon,vintagemtvernon.cd@fpimgt.com
Vintage at Napa,vintage.napa@fpimgt.com
Vintage at Richland,Jennifer.mendez@fpimgt.com
Vintage at Sanctuary,courtney.chandler@fpimgt.com
Vintage at Sequim,vintagesequim.cd@fpimgt.com
Vintage at Seven Hills,vintagesevenhills.cd@fpimgt.com
Vintage at Silverdale,vintagesilverdale.cd@fpimgt.com
Vintage at Spokane,vintagespokane.cd@fpimgt.com
Vintage at Tacoma,vintagetacoma.cd@fpimgt.com
Vintage at Vancouver,Vintagevancouver.cd@fpimgt.com
Vista Creek,vistacreek.cd@fpimgt.com
Vizcaya,vizcaya.cd@fpimgt.com