Palm Bay Grand,Palm Bay Grand,Community Manager,palmbaygrand@ram-mgt.com,(321) 722-4409,BS30594473893
Orion Prosper Lakes,Orion Prosper Lakes,Community Manager,orionprosperlakes@ram-mgt.com,(972) 346-2727,BS46673721282
Orion Prosper,Orion Prosper,Community Manager,orionprosper@ram-mgt.com,(972) 346-3400,BS27063170234
Orion McKinney,Orion McKinney,Community Manager,orionmckinney@ram-mgt.com,(972) 542-3900,BS24194431178
Orion McCord Park,Orion McCord Park,Community Manager,orionmccordpark@ram-mgt.com,(972) 335-4400,BS02554623175
One Hundred Prince,One Hundred Prince,Community Manager,princeandchilds@ram-mgt.com,(706) 850-8850,BS98621106985
Ocean Pointe,Ocean Pointe,Community Manager,oceanpointe@ram-mgt.com,(772) 286-2005,BS15710384308
North Beach on Kernan,North Beach on Kernan,Community Manager,northbeach@ram-mgt.com,(904) 997-6060,BS14930018484
North and Line,North and Line,Community Manager,northandline@ram-mgt.com,(404) 582-8801,BS50610913081
NORA Apartments,NORA Apartments,Community Manager,nora@ram-mgt.com,(407) 246-6672,BS74824730638
Nine12 Gateway,Nine12 Gateway,Community Manager,nine12gateway@ram-mgt.com,(407) 636-9999,BS92400965285
Regatta at New River,Regatta at New River,Community Manager,regatta@altmanmgt.com,(754) 799-7769,BS92665300886
Mountain View,Mountain View,Community Manager,mountainview@ram-mgt.com,(865) 690-3544,BS94563338613
Midland Falls Apartments,Midland Falls Apartments,Community Manager,midlandfalls@ram-mgt.com,(706) 563-0001,BS27710184254
Mesquite Terraces,Mesquite Terraces,Community Manager,mesquiteterraces@ram-mgt.com,(432) 262-3611,BS66864498967
Martins Creek,Martins Creek,Community Manager,martinscreek@ram-mgt.com,(843) 871-9701,BS75641991473
Mainstead at Century Farms,Mainstead at Century Farms,Community Manager,mainstead@ram-mgt.com,(615) 645-4575,BS02353391829
Main Street Lofts,Main Street Lofts,Community Manager,mainstreetlofts@ram-mgt.com,(865) 813-5454,BS86837413400
Madison Pointe,Madison Pointe,Community Manager,madisonpointe@ram-mgt.com,(386) 252-9100,BS98347361467
Luxe at Boca Phase I,Luxe at Boca Phase I,Community Manager,theluxe@ram-mgt.com,(561) 488-7747,BS85639503980
Lodge at Black Forest,Lodge at Black Forest,Community Manager,lodgeblackforest@ram-mgt.com,(719) 633-2677,BS06702979717
Lenox at Patterson Place,Lenox at Patterson Place,Community Manager,lenox@ram-mgt.com,(919) 401-1912,BS47059663044
Leena Plantation,Leena Plantation,Community Manager,leenaplantation@altmanmgt.com,(954) 890-2600,BS03255875868
Lake in the Woods,Lake in the Woods,Community Manager,lakeinthewoods@ram-mgt.com,(321) 984-0828,BS76772673023
Lake Creek Village,Lake Creek Village,Community Manager,lakecreek@ram-mgt.com,(970) 328-3790,BS13617314941
L Estancia Apartments,L Estancia Apartments,Community Manager,lestancia@ram-mgt.com,(941) 921-4656,BS23312939241
Knox at Metrocenter,Knox at Metrocenter,Community Manager,knoxmetrocenter@ram-mgt.com,(615) 733-0160,BS98232993104
Kingstowne Apartments,Kingstowne Apartments,Community Manager,kingstowne@ram-mgt.com,(757) 780-8780,BS68172286694
"Kelvin, The","Kelvin, The",Community Manager,thekelvin@ram-mgt.com,(256) 290-4500,BS30622356307
Jackson Square,Jackson Square,Community Manager,jacksonsquare@ram-mgt.com,(850) 279-5314,BS20556448334
Icon at Hardin Valley,Icon at Hardin Valley,Community Manager,iconhardinvalley@ram-mgt.com,(865) 765-9654,BS87687161303
Icon at Ferguson Farm Ph. I,Icon at Ferguson Farm Ph. I,Community Manager,iconfergusonfarm@ram-mgt.com,(406) 548-1625,BS87947612857
Horizons East,Horizons East,Community Manager,horizons@ram-mgt.com,(316) 683-4611,BS02636851844
Highland Terrace Communities,Highland Terrace Communities,Community Manager,highlandterrace@ram-mgt.com,(865) 521-6250,BS09610506261
Highland Park Atlanta,Highland Park Atlanta,Community Manager,highlandparkatlanta@ram-mgt.com,(770) 594-7118,BS01804693701
Highland Grand,Highland Grand,Community Manager,highlandterrace@ram-mgt.com,(865) 268-8490,BS46000531492
Heights at Millcroft,Heights at Millcroft,Community Manager,millcroftheights@ram-mgt.com,(678) 648-4868,BS09359184912
Hebron 121 Station Ph1,Hebron 121 Station Ph1,Community Manager,hebron121@ram-mgt.com,(214) 488-0220,BS58461400341
Hawthorne House,Hawthorne House,Community Manager,hawthornehouse@ram-mgt.com,(432) 694-2011,BS81764916320
Haven at Lake Deer,Haven at Lake Deer,Community Manager,haven@ram-mgt.com,(863) 299-4467,BS21729955670
Havana Square,Havana Square,Community Manager,havanasquare@ram-mgt.com,(813) 570-8551,BS16047595668
Grove Park Apartments,Grove Park Apartments,Community Manager,grovepark@ram-mgt.com,(850) 270-9876,BS23802110351
Grove at Carolina Park,Grove at Carolina Park,Community Manager,grovecarolinapark@ram-mgt.com,(843) 305-8090,BS43614045302
Greystone at Mulberry Grove,Greystone at Mulberry Grove,Community Manager,greystonemulberry.mgr@ram-mgt.com,(478) 368-5350,BS77186589025
Georgia Green,Georgia Green,Community Manager,georgiagreen@ram-mgt.com,(706) 353-7720,BS73655776752
Gayoso House at Peabody Place,Gayoso House at Peabody Place,Community Manager,gayosohouse@ram-mgt.com,(901) 523-0555,BS52629292764
Galvan at Twinbrook,Galvan at Twinbrook,Community Manager,galvan@ram-gmt.com,(301) 231-6515,BS40733815198
Fountains of Largo,Fountains of Largo,Community Manager,fountainsoflargo@ram-mgt.com,(727) 596-3371,BS83809133510
Foster on the Park,Foster on the Park,Community Manager,foster@ram-mgt.com,(984) 227-4936,BS19377838804
Forest Glen,Forest Glen,Community Manager,forestglen@altmanmgt.com,(989) 496-2460,BS70229683531
Flats at 1885,Flats at 1885,Community Manager,flats1885@ram-mgt.com,(770) 961-1654,BS09330656433
Faudree Ranch Apartments,Faudree Ranch Apartments,Community Manager,faudreeranch@ram-mgt.com,(432) 272-4044,BS96789846400
Entra West End,Entra West End,Community Manager,entrawestend@ram-mgt.com,(404) 913-7722,BS03314236047
Enclave at Rivergate,Enclave at Rivergate,Community Manager,enclaverivergate@ram-mgt.com,(704) 588-2511,BS87631469511
Enclave at Providence,Enclave at Providence,Community Manager,enclaveprovidence@ram-mgt.com,(615) 773-3000,BS47531076815
District West,District West,Community Manager,districtwest@ram-mgt.com,(864) 609-4053,BS59560530283
District at Vinings,District at Vinings,Community Manager,districtvinings@ram-mgt.com,(770) 432-5105,BS49316552707
Diamond Lakes,Diamond Lakes,Community Manager,diamondlakes@ram-mgt.com,(337) 984-7861,BS71437483374
Devonshire Square,Devonshire Square,Community Manager,devonshiresquare@ram-mgt.com,(719) 632-4700,BS11469272230
Cricket Club,Cricket Club,Community Manager,cricketclub@ram-mgt.com,(407) 384-7013,BS79734668092
Crestmont at Thornblade,Crestmont at Thornblade,Community Manager,crestmontthornblade@ram-mgt.com,(864) 286-5700,BS98357392937
Crest at Burkitt Ridge,Crest at Burkitt Ridge,Community Manager,crest@ram-mgt.com,(615) 941-1216,BS36762948130
Crest at Arden Village,Crest at Arden Village,Community Manager,arden@ram-mgt.com,(931) 674-2084,BS50053925105
Cottages on Elm,Cottages on Elm,Community Manager,cottages@ram-mgt.com,(910) 484-6111,BS89208964749
Coral Club Apartments,Coral Club Apartments,Community Manager,coralclub@ram-mgt.com,(941) 753-3360,BS20977502424
Constellation,Constellation,Community Manager,constellation@ram-mgt.com,(256) 375-7500,BS51459038093
Colony House,Colony House,Community Manager,colonyhouse@ram-mgt.com,(850) 396-0600,BS21471355007
Coastline Cove Apartments,Coastline Cove Apartments,Community Manager,coastlinecove@ram-mgt.com,(386) 274-1006,BS73288419945
Church and Henley,Church and Henley,Community Manager,churchandhenley@ram-mgt.com,(865) 213-2970,BS57932514111
Celadon on Club,Celadon on Club,Community Manager,celadon@ram-mgt.com,(770) 882-2862,BS07635342104
Cedar Point Townhomes,Cedar Point Townhomes,Community Manager,cedarpoint@ram-mgt.com,(817) 473-0900,BS94565314580
Cantera,Cantera,Community Manager,cantera@ram-mgt.com,(972) 242-1502,BS73580088032
Blue River,Blue River,Community Manager,blueriver@ram-mgt.com,(970) 262-6274,BS36625872912
Blue Heron Lakes,Blue Heron Lakes,Community Manager,blueheronlakes@ram-mgt.com,(941) 747-8008,BS02155754818
Bay Club Apartments,Bay Club Apartments,Community Manager,bayclub@ram-mgt.com,(941) 758-4631,BS24187371029
Barrington Hills,Barrington Hills,Community Manager,barringtonhills@ram-mgt.com,(470) 802-4703,BS70093245104
Avondale Station,Avondale Station,Community Manager,avondale@ram-mgt.com,(404) 373-1643,BS81794582320
Aviare Place,Aviare Place,Community Manager,aviareplace@ram-mgt.com,(432) 685-0887,BS80054428503
Avalon,Avalon,Community Manager,Avalon@ram-mgt.com,(850) 476-2442,BS22864577326
Augusta Commons,Augusta Commons,Community Manager,augustacommons@ram-mgt.com,(770) 565-3234,BS97209821489
Atlas at Germantown,Atlas at Germantown,Community Manager,atlas@ram-mgt.com,(615) 237-1487,BS04738142886
Ashford Place,Ashford Place,Community Manager,ashfordplace@ram-mgt.com,(318) 737-1375,BS75810817283
Arts Center Tower,Arts Center Tower,Community Manager,artscentertower@ram-mgt.com,(404) 875-8666,BS50935274992
Arlo - Decatur,Arlo - Decatur,Community Manager,arlodecatur@ram-mgt.com,(770) 679-8070,BS01402904548
Apison Villas,Apison Villas,Community Manager,apisonvillas@ram-mgt.com,(423) 212-3151,BS37527035883
Altis Santa Barbara,Altis Santa Barbara,Community Manager,altissantabarbara@altmanmgt.com,(239) 372-9850,BS57498639301
Altis Promenade,Altis Promenade,Community Manager,altispromenade@altmanmgt.com,(813) 940-8499,BS47429406601
Altis Little Havana,Altis Little Havana,Community Manager,altislittlehavana@altmanmgt.com,(786) 755-7650,BS15704687029
Altis Grand Suncoast,Altis Grand Suncoast,Community Manager,altisgrandsuncoast@altmanmgt.com,(813) 851-3250,BS81266186806
Altis Grand Lake Willis Phase I,Altis Grand Lake Willis Phase I,Community Manager,altislakewillis@altmanmgt.com,(689) 209-1888,BS78607992946
Altis Grand Central,Altis Grand Central,Community Manager,altisgrandcentral@altmanmgt.com,(813) 940-8450,BS41674929229
Altis Blue Lake,Altis Blue Lake,Community Manager,altisbluelake@altmanmgt.com,(561) 710-6555,BS03689632174
Greystone Pointe Auburn,Greystone Pointe Auburn,Community Manager,greystonepointeauburn@ram-mgt.com,(706) 221-6810,BS33936914376
Greystone at Creekwood,Greystone at Creekwood,Community Manager,greystonecreekwood@ram-mgt.com,(229) 883-1862,BS01274539064
Greystone at Main Street,Greystone at Main Street,Community Manager,greystonemainstreet@ram-mgt.com,(706) 322-8100,BS29052396390
Greystone at Maple Ridge,Greystone at Maple Ridge,Community Manager,greystonemapleridge@ram-mgt.com,(706) 221-7778,BS58057042289
Greystone Falls,Greystone Falls,Community Manager,greystonefalls@ram-mgt.com,(706) 507-1701,BS47199499959
Greystone Woodlands,Greystone Woodlands,Community Manager,greystonewoodlands@ram-mgt.com,(706) 320-9200,BS02099817901
Greystone Vista,Greystone Vista,Community Manager,greystonevista@ram-mgt.com,(865) 690-7762,BS12047124928
Greystone Farms Reserve,Greystone Farms Reserve,Community Manager,greystonefarmsreserve@ram-mgt.com,(706) 507-7400,BS79422266162
Greystone at Country Club,Greystone at Country Club,Community Manager,greystonecountryclub@ram-mgt.com,(706) 327-0268,BS48066857395
Greystone at Inverness,Greystone at Inverness,Community Manager,greystoneinverness@ram-mgt.com,(706) 571-9200,BS77926883659
Greystone Pointe Columbus,Greystone Pointe Columbus,Community Manager,pointecolumbus@ram-mgt.com,(706) 395-2334,BS11027166490
Greystone Farms,Greystone Farms,Community Manager,greystonefarms@greystoneproperties.net,(706) 221-9200,BS42634058682
Greystone Reserve Apartments,Greystone Reserve Apartments,Community Manager,thereserveapartments@ram-mgt.com,(850) 936-6225,BS75118441917
Greystone Summit Forsyth,Greystone Summit Forsyth,Community Manager,greystonesummitforsyth@ram-mgt.com,(770) 781-3182,BS16561145916
Greystone Summit Knoxville,Greystone Summit Knoxville,Community Manager,greystonesummit@ram-mgt.com,(865) 357-5700,BS01047027059
Greystone Pointe,Greystone Pointe,Community Manager,greystonepointe@ram-mgt.com,(865) 985-0625,BS03366991367
Greystone Summit Gulf Breeze,Greystone Summit Gulf Breeze,Community Manager,greystonesummitgulfbreeze@ram-mgt.com,(850) 932-1464,BS67392372556
Greystone at Oakland,Greystone at Oakland,Community Manager,greystoneoakland@ram-mgt.com,(229) 483-7812,BS35628760595
Greystone Summit Columbus,Greystone Summit Columbus,Community Manager,greystonesummitcolumbus@ram-mgt.com,(706) 507-5200,BS81422593895
Greystone at Columbus Park,Greystone at Columbus Park,Community Manager,greystonecolumbuspark@ram-mgt.com,(706) 507-6500,BS10219930833
Greystone at RiverChase,Greystone at RiverChase,Community Manager,greystoneriverchase@ram-mgt.com,(334) 291-2000,BS74899514107
Altis at Kendall Square,Altis at Kendall Square,Community Manager,altiskendallsquare@altmanmgt.com,(305) 383-9660,BS24562652559
Altair at Lake Tulane,Altair at Lake Tulane,Community Manager,altairlaketulane@ram-mgt.com,(863) 453-5551,BS36519612318
Alden Park,Alden Park,Community Manager,aldenpark@pointemgt.com,(215) 844-7900,BS89783411605
Alaire at Twinbrook Station,Alaire at Twinbrook Station,Community Manager,alaire@ram-mgt.com,(301) 770-4440,BS95402378028
92 West Paces,92 West Paces,Community Manager,92westpaces@ram-mgt.com,(404) 504-9292,BS62886993921
6228 Music City,6228 Music City,Community Manager,6228musiccity@ram-mgt.com,(615) 845-5249,BS49963106522
35 West at Champions Circle,35 West at Champions Circle,Community Manager,35west@ram-mgt.com,(817) 490-8761,BS66937441895
29 Edgewater,29 Edgewater,Community Manager,29edgewater@ram-mgt.com,(843) 837-7700,BS70666365572
19th and Graf,19th and Graf,Community Manager,19thandgraf@ram-mgt.com,(406) 589-9583,BS99682270658
1824 DeFoor,1824 DeFoor,Community Manager,1824defoor@ram-mgt.com,(404) 352-8777,BS00727714571
1640 Victoria Park,1640 Victoria Park,Community Manager,16Forty@ram-mgt.com,(954) 567-1640,BS90142092877
12 South Magnolia,12 South Magnolia,Community Manager,12southmagnolia@ram-mgt.com,(615) 292-4307,BS75951171839