Cottages on Elm,https://g.page/r/CdvrF3oYCWSiEBM/review,https://www.apartments.com/cottages-on-elm-fayetteville-nc/pm05wvs/#reviewsSection,https://www.apartmentratings.com/nc/fayetteville/the-cottages-on-elm_910484611128303/
Crest at Arden Village,https://g.page/r/CbTG8HZJgNsVEBM/review,https://www.apartments.com/crest-at-arden-village-columbia-tn/tv13e08/#reviewsSection,https://www.apartmentratings.com/TN/Columbia/Crest at Arden Village_9199332346275202418
Crest at Burkitt Ridge,https://g.page/r/CbTG8HZJgNsVEBM/review,https://www.apartments.com/crest-at-arden-village-columbia-tn/tv13e08/#reviewsSection,https://www.apartmentratings.com/TN/Columbia/Crest at Arden Village_9199332346275202418
Crestmont at Thornblade,https://g.page/r/CeW29_39oGWwEBM/review,https://www.apartments.com/crestmont-at-thornblade-greenville-sc/3d85v7d/#reviewsSection,https://www.apartmentratings.com/SC/Greenville/Crestmont At Thornblade _864987074529615
Cricket Club,https://g.page/r/CfCs8CiF2rZkEBM/review,,https://www.apartmentratings.com/FL/Orlando/Cricket Club Apartments_407384701332828
Devonshire Square,https://g.page/r/CTqxbH7AaL_fEBM/review,https://www.apartments.com/devonshire-square-colorado-springs-co/yz2gfns/#reviewsSection,https://www.apartmentratings.com/CO/Colorado Springs/Devonshire Square Apartments_719632470080909
Diamond Lakes,https://g.page/r/CVhr1Y65Up8GEBM/review,https://www.apartments.com/diamond-lakes-lafayette-la/8dbw413/#reviewsSection,https://www.apartmentratings.com/LA/Lafayette/Diamond Lakes Apartments_337984786170506
District at Vinings,https://g.page/r/Ccqt7uibqee9EBM/review,https://www.apartments.com/district-at-vinings-atlanta-ga/66c2xgv/#reviewsSection,https://www.apartmentratings.com/GA/Atlanta/District at Vinings _770432510530339
District West,https://g.page/r/CUwX3le-A66sEBM/review,https://www.apartments.com/district-west-greenville-sc/ft8pkrv/#reviewsSection,https://www.apartmentratings.com/SC/Greenville/District West_9199332346275161324
Enclave at Providence,https://g.page/r/CTTGDt2ChDa7EBM/review,https://www.apartments.com/enclave-at-providence-mount-juliet-tn/cl8jx0g/#reviewsSection,https://www.apartmentratings.com/TN/Mount Juliet/Enclave at Providence_9199332346275203010
Enclave at Rivergate,https://g.page/r/CXJgf6GUsOY_EBM/review,https://www.apartments.com/enclave-at-rivergate-charlotte-nc/7vs95bw/#reviewsSection,https://www.apartmentratings.com/nc/charlotte/the-enclave-at-rivergate_9199332346275145469/#ratingsReviews
Entra West End,https://g.page/r/CQnivRRJmMLzEBM/review,https://www.apartments.com/entra-west-end-atlanta-ga/z3ng1ex/#reviewsSection,https://www.apartmentratings.com/GA/Atlanta/Entra West End_9199332346275190978
Esplanade,https://g.page/r/CbyY1byNLsKSEBM/review,https://www.apartments.com/esplanade-district-apartments-north-little-rock-ar/fpdm2ev/#reviewsSection,https://www.apartmentratings.com/AR/North Little Rock/Esplanade_9199332346275200986
Everly Historic Franklin,https://g.page/r/CQZN9ZMxvFUVEBM/review,https://www.apartments.com/the-everly-at-historic-franklin-franklin-tn/099z842/#reviewsSection,https://www.apartmentratings.com/tn/franklin/the-everly-at-historic-franklin-apartments_615771007037064/#ratingsReviews
Faudree Ranch Apartments,https://g.page/r/CdXUdD-jcdrgEBM/review,https://www.apartments.com/faudree-ranch-odessa-tx/pbg7p8s/#reviewsSection,https://www.apartmentratings.com/TX/Odessa/Faudree Ranch Apartments_9199332346275172865
Flats at 1885,https://g.page/r/Cd-IEP2yf3tFEBM/review,https://www.apartments.com/the-flats-1885-lake-city-ga/pbgyg3s/#reviewsSection,https://www.apartmentratings.com/GA/Lake City/The Flats @1885_770961165430260
Forest Glen,https://g.page/r/CQ11plvsdDCAEBM/review,,https://www.apartmentratings.com/MI/Midland/Forest Glen_9199332346275184849
Foster on the Park,https://g.page/r/CRblz11n6W-zEBM/review,https://www.apartments.com/augusta-commons-marietta-ga/drgskvk/#reviewsSection,https://www.apartmentratings.com/GA/Marietta/Augusta Commons _770565323430067
Fountains of Largo,https://g.page/r/CYkAwWZugc8FEBM/review,https://www.apartments.com/fountains-of-largo-largo-fl/kz58kn8/#reviewsSection,https://www.apartmentratings.com/FL/Largo/Fountains of Largo_9199332346275153974
Galvan at Twinbrook,https://g.page/r/Cehm6FQLozLAEBM/review,https://www.apartments.com/galvan-at-twinbrook-rockville-md/lwy2trf/#reviewsSection,https://www.apartmentratings.com/MD/Rockville/Galvan at Twinbrook_9199332346275159885
Gayoso House at Peabody Place,https://g.page/r/CbakRfBpUD-pEBM/review,https://www.apartments.com/gayoso-house-at-peabody-place-memphis-tn/yk770xs/#reviewsSection,https://www.apartmentratings.com/TN/Memphis/Gayoso House Apartments_901523055538103
Georgia Green,https://g.page/r/CdDs1vNQOnpfEBM/review,https://www.apartments.com/georgia-green-athens-ga/4e16j2j/#reviewsSection,https://www.apartmentratings.com/GA/Athens/Georgia Green_9199332346275160211
Greystone at Columbus Park,https://g.page/r/Cdbc3VASHcfBEBM/review,https://www.apartments.com/greystone-at-columbus-park-columbus-ga/qd8bsxy/#reviewsSection,https://www.apartmentratings.com/GA/Columbus/Greystone at Columbus Park_706507650031909
Greystone at Country Club,https://g.page/r/CVyx1aZtEKZhEBM/review,https://www.apartments.com/greystone-at-country-club-columbus-ga/kc67kk8/#reviewsSection,https://www.apartmentratings.com/GA/Columbus/Greystone at Country Club_9199332346275146174
Greystone at Creekwood,https://g.page/r/CUzvbelY4nBVEBM/review,https://www.apartments.com/greystone-at-creekwood-leesburg-ga/ppqb76t/#reviewsSection,https://www.apartmentratings.com/GA/Albany/Greystone at Creekwood _229883186231763
Greystone at Inverness,https://g.page/r/Ca1q6heeUX1MEBM/review,https://www.apartments.com/greystone-at-inverness-columbus-ga/t3262v9/#reviewsSection,https://www.apartmentratings.com/GA/Columbus/Greystone at Inverness_706571920031909
Greystone at Main Street,https://g.page/r/CQ71Yy-ZFJSaEBM/review,https://www.apartments.com/greystone-at-main-street-columbus-ga/1g0xge7/#reviewsSection,https://www.apartmentratings.com/GA/Columbus/Greystone at Main Street_706322810031909
Greystone at Maple Ridge,https://g.page/r/Ce3WBXCa3T5iEBM/review,https://www.apartments.com/greystone-at-maple-ridge-columbus-ga/q3gfpqy/#reviewsSection,https://www.apartmentratings.com/GA/Columbus/Greystone at Maple Ridge_9199332346275151582
Greystone at Mulberry Grove,https://g.page/r/CbY2-Yxt9A30EBM/review,https://www.apartments.com/greystone-at-mulberry-grove-fortson-ga/skbkmn6/#reviewsSection,https://www.apartmentratings.com/GA/Fortson/Greystone at Mulberry Grove_9199332346275203014
Greystone at Oakland,https://g.page/r/CU3dlCvYJ4ELEBM/review,https://www.apartments.com/greystone-at-oakland-leesburg-ga/clyhqte/#reviewsSection,https://www.apartmentratings.com/GA/Leesburg/Greystone Oakland_9199332346275178891
Greystone at RiverChase,https://g.page/r/CfR4lu3khf-QEBM/review,https://www.apartments.com/greystone-at-riverchase-phenix-city-al/sg5cmh5/#reviewsSection,https://www.apartmentratings.com/AL/Phenix city/Greystone at Riverchase_9199332346275148583
Greystone Falls,https://g.page/r/CXZ5epdBIsZbEBM/review,https://www.apartments.com/greystone-falls-columbus-ga/2hz0vr9/#reviewsSection,https://www.apartmentratings.com/GA/Columbus/Greystone Falls_706507170131904
Greystone Farms,https://g.page/r/CYF7xJH_O3HNEBM/review,https://www.apartments.com/greystone-farms-columbus-ga/30wc5zg/#reviewsSection,https://www.apartmentratings.com/GA/Columbus/Greystone Farms_9199332346275173774
Greystone Farms Reserve,https://g.page/r/CTQa2adMBxZvEBM/review,https://www.apartments.com/greystone-farms-reserve-columbus-ga/bhgjswb/#reviewsSection,https://www.apartmentratings.com/GA/Columbus/Greystone Farms Reserve_706221920031909
Greystone Pointe,https://g.page/r/CblXqDaVR1y7EBM/review,https://www.apartments.com/greystone-pointe-knoxville-tn/xq7zlkp/#reviewsSection,https://www.apartmentratings.com/TN/Knoxville/Greystone Pointe_9199332346275177008
Greystone Pointe Auburn,https://g.page/r/CSJ23xQ09Q1VEBM/review,https://www.apartments.com/greystone-pointe-auburn-auburn-al/zeggbkx/#reviewsSection,https://www.apartmentratings.com/AL/Auburn/Greystone Pointe Auburn_9199332346275194544
Greystone Pointe Columbus,https://g.page/r/CZUo1kyOSsmUEBM/review,https://www.apartments.com/greystone-pointe-columbus-columbus-ga/m4b06wj/#reviewsSection,https://www.apartmentratings.com/GA/Columbus/Greystone Pointe Columbus_9199332346275201201
Greystone Summit Columbus,https://g.page/r/CY7HKUsFm0sgEBM/review,https://www.apartments.com/greystone-summit-columbus-columbus-ga/0n7jxf1/#reviewsSection,https://www.apartmentratings.com/GA/Columbus/Greystone Summit Columbus_706507520031909
Greystone Summit Forsyth,https://g.page/r/CXKfeBYkcK1dEBM/review,https://www.apartments.com/greystone-summit-forsyth-cumming-ga/ppx41fr/#reviewsSection,https://www.apartmentratings.com/GA/Cumming/Greystone Summit Forsyth_9199332346275154596
Greystone Summit Gulf Breeze,https://g.page/r/CZSkeMSK70HJEBM/review,https://www.apartments.com/greystone-summit-gulf-breeze-gulf-breeze-fl/yl046pr/#reviewsSection,https://www.apartmentratings.com/FL/Gulf Breeze/Greystone Summit Gulf Breeze_9199332346275172152
Greystone Summit Knoxville,https://g.page/r/CQtw9FQKXaaYEBM/review,https://www.apartments.com/greystone-summit-knoxville-knoxville-tn/5ll68lm/#reviewsSection,https://www.apartmentratings.com/TN/Knoxville/Greystone Summit Knoxville_865357570037932
Greystone Vista,https://g.page/r/CdZovBJA78-KEBM/review,https://www.apartments.com/greystone-vista-knoxville-tn/renmlr1/#reviewsSection,https://www.apartmentratings.com/TN/Knoxville/Greystone Vista_9199332346275160855
Greystone Woodlands,https://g.page/r/Ce6w3TKyoaknEBM/review,https://www.apartments.com/greystone-at-the-woodlands-columbus-ga/lghe6yg/#reviewsSection,https://www.apartmentratings.com/ga/columbus/greystone-at-the-woodlands_706320920031904/#ratingsReviews
Grove at Carolina Park,https://g.page/r/CWyed1trq1lqEBM/review,https://www.apartments.com/the-grove-at-carolina-park-mount-pleasant-sc/8wm9p42/#reviewsSection,https://www.apartmentratings.com/SC/Mount Pleasant/The Grove at Carolina Park_9199332346275184087
Grove Park Apartments,https://g.page/r/CWpKHCz52XlqEBM/review,https://www.apartments.com/grove-park-apartments-tallahassee-fl/ejs753q/#reviewsSection,https://www.apartmentratings.com/FL/Tallahassee/Grove Park Apartments_9199332346275207053
Havana Square,https://g.page/r/CSt7H-ij1JpsEBM/review,https://www.apartments.com/havana-square-tampa-fl/8eek5f0/#reviewsSection,https://www.apartmentratings.com/fl/tampa/havana-square_9199332346275172143/#ratingsReviews
Haven at Lake Deer,https://g.page/r/CXAA7P5HfviqEBM/review,https://www.apartments.com/haven-at-lake-deer-apartments-winter-haven-fl/1fct944/#reviewsSection,https://www.apartmentratings.com/FL/Winter Haven/Haven at Lake Deer_941299446733880
Hawthorne House,https://g.page/r/CdwFPxlQiOGaEBM/review,https://www.apartments.com/hawthorne-house-midland-tx/1g2bpv7/#reviewsSection,https://www.apartmentratings.com/TX/Midland/Hawthorne House_9199332346275157140
Hebron 121 Station Ph1,https://g.page/r/CV-qmr5-A1wwEBM/review,https://www.apartments.com/hebron-121-station-lewisville-tx/khlw48c/#reviewsSection,https://www.apartmentratings.com/TX/Lewisville/Hebron 121 Station_9199332346275148327
Heights at Millcroft,https://g.page/r/CbkYAftE2Z5AEBM/review,https://www.apartments.com/heights-at-millcroft-sugar-hill-ga/s5m8g27/#reviewsSection,https://www.apartmentratings.com/GA/Buford/The Heights at Millcroft Apartments_9199332346275202261
Highland Grand,https://g.page/r/CfGS_X0geDbPEBM/review,https://www.apartments.com/highland-grand-knoxville-tn/dsctc7h/#reviewsSection,https://www.apartmentratings.com/TN/Knoxville/Highland Grand_865637818337916
Highland Park Atlanta,https://g.page/r/CSl4fKdF4zVjEBM/review,https://www.apartments.com/highland-park-atlanta-sandy-springs-ga/ls8r4ff/#reviewsSection,https://www.apartmentratings.com/GA/Sandy Springs/Highland Park Atlanta_770594711830350
Highland Terrace,https://g.page/r/CTZWLtMGsr6UEBM/review,https://www.apartments.com/highland-terrace-communities-knoxville-tn/gksgmyw/#reviewsSection,https://www.apartmentratings.com/tn/knoxville/highland-terrace-apartments_865521625037916/#ratingsReviews
Horizons East,https://g.page/r/Cbz3aS8BpZk3EBM/review,https://www.apartments.com/horizons-east-wichita-ks/wk85c2j/#reviewsSection,https://www.apartmentratings.com/KS/Wichita/Horizons East_9199332346275201806
Icon at Ferguson Farm Ph. I,https://g.page/r/CZmvhNirN0pUEBM/review,https://www.apartments.com/icon-apartment-homes-at-ferguson-farm-bozeman-mt/zd7hl9x/#reviewsSection,https://www.apartmentratings.com/MT/Bozeman/Icon Apartment Homes at Ferguson Farm_9199332346275191365
Icon at Hardin Valley,https://g.page/r/CQG43qbOq7r6EBM/review,https://www.apartments.com/icon-apartment-homes-at-hardin-valley-knoxville-tn/zzk8fsw/#reviewsSection,https://www.apartmentratings.com/TN/Knoxville/Icon Apartment Homes at Hardin Valley_9199332346275193749
Jackson Square,https://g.page/r/CdqxqQvd0IdFEBM/review,https://www.apartments.com/jackson-square-tallahassee-fl/8kdqhd2/#reviewsSection,https://www.apartmentratings.com/FL/Tallahassee/Jackson Square Apartments_850386363332308
"Kelvin, The",https://g.page/r/CZHkiQOilVjdEBM/review,https://www.apartments.com/the-kelvin-huntsville-al/hdf7wk3/#reviewsSection,https://www.apartmentratings.com/AL/Huntsville/The Kelvin_9199332346275201894
Kingstowne Apartments,https://g.page/r/Ca93AbQHDz0JEBM/review,https://www.apartments.com/kingstowne-apartments-newport-news-va/ptgxyys/#reviewsSection,https://www.apartmentratings.com/VA/Newport News/Kingstowne Apartments_757595214123606
Knox at Metrocenter,https://g.page/r/Cb7iABraL9aWEBM/review,https://www.apartments.com/knox-at-metrocenter-nashville-tn/3z6tdlf/#reviewsSection,https://www.apartmentratings.com/TN/Nashville/Knox at Metrocenter_9199332346275193433
L Estancia Apartments,https://g.page/r/CUa8f_-VKJ0tEBM/review,https://www.apartments.com/lestancia-sarasota-fl/rdww8k3/#reviewsSection,https://www.apartmentratings.com/FL/Sarasota/L'Estancia Apartment Homes _941921465634231
Lake Creek Village,https://g.page/r/CSHRBYouDbN6EBM/review,https://www.apartments.com/lake-creek-village-edwards-co/n5f96qn/#reviewsSection,https://www.apartmentratings.com/CO/Edwards/Lake Creek Village_970926455081632
Lake in the Woods,https://g.page/r/CU3eOpaVXpNHEBM/review,https://www.apartments.com/lake-in-the-woods-melbourne-fl/cef9xgd/#reviewsSection,https://www.apartmentratings.com/FL/Melbourne/Lake In The Woods Apartments_407984082832901
Leena Plantation,https://g.page/r/CQTUY_76EAdBEBM/review,https://www.apartments.com/leena-plantation-plantation-fl/4fk9fcj/#reviewsSection,https://www.apartmentratings.com/FL/Plantation/Leena Plantation_9199332346275204335
Lenox at Patterson Place,https://g.page/r/Cf6itSJd5QT0EBM/review,https://www.apartments.com/lenox-at-patterson-place-durham-nc/4s7tmgl/#reviewsSection,https://www.apartmentratings.com/NC/Durham/Lenox at Patterson Place _919401191227707
Lodge at Black Forest,https://g.page/r/CSvyoE6rj0EJEBM/review,https://www.apartments.com/lodge-at-black-forest-colorado-springs-co/bwhny3b/#reviewsSection,https://www.apartmentratings.com/CO/Colorado Springs/Lodge at Black Forest_9199332346275155737
Luxe at Boca Phase I,https://g.page/r/CV_BAwPg92NoEBM/review,https://www.apartments.com/the-luxe-at-boca-i-boca-raton-fl/95bfp75/#reviewsSection,https://www.apartmentratings.com/FL/Boca Raton/The Luxe at Boca_5614887747334281
Madison Pointe,https://g.page/r/CefklcpmkB4XEBM/review,https://www.apartments.com/madison-pointe-daytona-beach-fl/7tt19hw/#reviewsSection,https://www.apartmentratings.com/FL/Daytona Beach/Madison Pointe_9199332346275199139
Main Street Lofts Ph I,https://g.page/r/CdewvBhUuA50EBM/review,https://www.apartments.com/main-street-lofts-oak-ridge-tn/gzbbgbw/#reviewsSection,https://www.apartmentratings.com/TN/Oak Ridge/Main Street Lofts_9199332346275197911
Mainstead at Century Farms,https://g.page/r/CRcdNz-nXIPjEBM/review,https://www.apartments.com/mainstead-at-century-farms-antioch-tn/mpv5mtj/#reviewsSection,https://www.apartmentratings.com/TN/Antioch/Mainstead at Century Farms_9199332346275203646
Martins Creek,https://g.page/r/CWqZnS9eRepKEBM/review,https://www.apartments.com/martins-creek-summerville-sc/jhm9wl4/#reviewsSection,https://www.apartmentratings.com/SC/Summerville/Martins Creek Apartments_843871970129485
McKenzie Park,https://g.page/r/CdVG95dtWT6ZEBM/review,https://www.apartments.com/mckenzie-park-little-rock-ar/gwn81dx/#reviewsSection,https://www.apartmentratings.com/AR/Little Rock/McKenzie Park Apartments_9199332346275177297
Mesquite Terraces,https://g.page/r/CSRROv2uPyvpEBM/review,https://www.apartments.com/mesquite-terraces-midland-tx/9hpefg7/,https://www.apartmentratings.com/TX/Midland/Mesquite Terraces Apartments_9199332346275169233
Midland Falls Apartments,https://g.page/r/CYI-mdtztQsfEBM/review,https://www.apartments.com/midland-falls-apartments-columbus-ga/sr9hlv4/#reviewsSection,https://www.apartmentratings.com/GA/Columbus/Midland Falls Apartments_706563000131907
Mountain View,https://g.page/r/CXWl5LTN3QCQEBM/review,https://www.apartments.com/mountain-view-knoxville-tn/w2t8dxl/#reviewsSection,https://www.apartmentratings.com/TN/Knoxville/Mountain View Apartments_9199332346275147704
Nine12 Gateway,https://g.page/r/CSwPvLigGVLGEBM/review,https://www.apartments.com/nine-12-gateway-altamonte-springs-fl/6q7zxnt/#reviewsSection,https://www.apartmentratings.com/FL/Altamonte Springs/Nine12 Gateway _9199332346275167926
NORA Apartments,https://g.page/r/CTIaxR3vU9yDEBM/review,https://www.apartments.com/nora-apartments-orlando-fl/2g5n4x9/#reviewsSection,https://www.apartmentratings.com/FL/Orlando/NORA Apartments_9199332346275200445
North and Line,https://g.page/r/CV66dEDpvnsREBM/review,https://www.apartments.com/north-and-line-apartments-atlanta-ga/vpxkx9g/#reviewsSection,https://www.apartmentratings.com/GA/Atlanta/North and Line_9199332346275178899
North Beach on Kernan,https://g.page/r/Cet3hnaS1FcIEBM/review,https://www.apartments.com/north-beach-on-kernan-jacksonville-fl/fmv2eqr/?&frontdoor=google&gad_source=1&gclid=CjwKCAiA7t6sBhAiEiwAsaieYnxJ58vdKOExElISEmcMKdYWUuW9f1fBsN3pPk9XX0ocAs9ra3OxuxoCnLYQAvD_BwE&gclsrc=aw.ds#reviewsSection,https://www.apartmentratings.com/FL/Jacksonville/North Beach on Kernan_904997606032246
Ocean Pointe,https://g.page/r/CTcAOvJDObo8EBM/review,https://www.apartments.com/ocean-pointe-stuart-fl/s6wnv67/#reviewsSection,https://www.apartmentratings.com/FL/Stuart/Ocean Pointe _772287818434996
One Hundred Prince,https://g.page/r/CfiOeRBrPaU7EBM/review,https://www.apartments.com/100-prince-athens-ga/bpydtj8/#reviewsSection,https://www.apartmentratings.com/GA/Athens/100-Prince_9199332346275197819
Orion McCord Park,https://g.page/r/CZ9h4HiUhfY3EBM/review,https://www.apartments.com/orion-mccord-park-little-elm-tx/g8yx6jx/#reviewsSection,https://www.apartmentratings.com/TX/Little Elm/Orion McCord Park _9199332346275147400
Orion McKinney,https://g.page/r/CXOhAd4Fzb9pEBM/review,https://www.apartments.com/orion-mckinney-mckinney-tx/lzgez0e/#reviewsSection,https://www.apartmentratings.com/TX/Mckinney/Orion McKinney _972542390075070
Orion Prosper,,https://www.apartments.com/orion-prosper-prosper-tx/e03jg6p/#reviewsSection,https://www.apartmentratings.com/TX/Prosper/Orion Prosper _972346340075078
Orion Prosper Lakes,https://g.page/r/CZat2NCDJwWLEBM/review,https://www.apartments.com/orion-prosper-lakes-prosper-tx/k537c2b/#reviewsSection,https://www.apartmentratings.com/TX/Prosper/Orion Prosper Lakes _877849402875078
Palm Bay Grand,https://g.page/r/CVV_9TSjKglyEBM/review,https://www.apartments.com/palm-bay-grand-apartments-melbourne-fl/w2xdp9h/#reviewsSection,https://www.apartmentratings.com/FL/Melbourne/Palm Bay Grand_9199332346275208196
Palmer House,https://g.page/r/CWY7LjoqMJaaEBM/review,https://www.apartments.com/palmer-house-madison-al/cy7c7we/#reviewsSection,https://www.apartmentratings.com/AL/Madison/Palmer House Apartments_9199332346275202768
Park at Abernathy Square,https://g.page/r/CWMlTnMb7xugEBM/review,https://www.apartments.com/park-at-abernathy-square-sandy-springs-ga/s9268z7/#reviewsSection,https://www.apartmentratings.com/GA/Sandy Springs/Park at Abernathy Square_770393167230328
Park at Whispering Pines,https://g.page/r/CWPybhAD74uOEBM/review,https://www.apartments.com/the-park-at-whispering-pines-daphne-al/xfbdqdq/#reviewsSection,https://www.apartmentratings.com/AL/Daphne/The Park at Whispering Pines_251625465536526
Peloton,https://g.page/r/CWbv8od82JS9EBM/review,https://www.apartments.com/peloton-redmond-wa/lry52te/#reviewsSection,https://www.apartmentratings.com/WA/Redmond/Peloton _425867092498052
Pembroke Square at Peabody Place,https://g.page/r/CcDO-1r5UCKIEBM/review,,https://www.apartmentratings.com/TN/Memphis/Pembroke Square_90152305553810301
Pheasant Run,https://g.page/r/Cd9ynrdloZ0EEBM/review,,"https://www.apartmentratings.com/MI/Saginaw/Pheasant Run Townhomes_517793542148603
"
Pointe at Lenox Park,https://g.page/r/CfL9udp_OJ42EBM/review,https://www.apartments.com/the-pointe-at-lenox-park-brookhaven-ga/tbyxmp9/#reviewsSection,https://www.apartmentratings.com/GA/Brookhaven/The Pointe at Lenox Park_404636441330319
Populus Waterside,https://g.page/r/CcM_9Q6RfsVsEBM/review,https://www.apartments.com/populus-waterside-chattanooga-tn/j403f56/#reviewsSection,https://www.apartmentratings.com/tn/chattanooga/populus-waterside_9199332346275209638/#ratingsReviews
Populus Westside,https://g.page/r/CTvY6-H2zUBNEBM/review,https://www.apartments.com/populus-westside-atlanta-ga/k40crx8/#reviewsSection,https://www.apartmentratings.com/GA/Atlanta/Populus Westside_9199332346275203892
Prairie View,https://g.page/r/Cew84ZToggraEBM/review,https://www.apartments.com/prairie-view-cheyenne-wy/npcw6dp/#reviewsSection,https://www.apartmentratings.com/WY/Cheyenne/Prairie View_9199332346275153981
Premiere Lofts at Trilith,https://g.page/r/CbMNM4SITnE8EBM/review,https://www.apartments.com/premiere-lofts-at-trilith-fayetteville-ga/q9rfvfz/#reviewsSection,https://www.apartmentratings.com/GA/Fayetteville/Premiere Lofts at Trilith_9199332346275190511
Preserve at Perdido Apartments,https://g.page/r/Ca-N6XzmxkfYEBM/review,https://www.apartments.com/preserve-at-perdido-apartments-pensacola-fl/rn6s6z2/#reviewsSection,https://www.apartmentratings.com/FL/Pensacola/Preserve at Perdido Apartments_9199332346275201484
Preserve Cypress Hammock,https://g.page/r/CXCZmktv247wEBM/review,https://www.apartments.com/the-preserve-cypress-hammock-coconut-creek-fl/sm42236/#reviewsSection,https://www.apartmentratings.com/FL/Coconut Creek/The Preserve Cypress Hammock_9199332346275149859
Radius,https://g.page/r/CR03Z5QNgN1pEBM/review,https://www.apartments.com/radius-orlando-fl/23ggkgb/#reviewsSection,https://www.apartmentratings.com/FL/Orlando/Radius Apartments_9199332346275198213
Regatta at New River,https://g.page/r/CZueo0PzsygTEBM/review,,https://www.apartmentratings.com/FL/Fort Lauderdale/Regatta at New River_9199332346275155503
Regency Park,https://g.page/r/CdeelptKcO1JEBM/review,https://www.apartments.com/regency-park-east-point-ga/1p7n5y4/#reviewsSection,https://www.apartmentratings.com/GA/East Point/Regency Park_404762667930344
Regent at Bellevue Way,https://g.page/r/CeqLGRuZQCa-EBM/review,https://www.apartments.com/the-regent-at-bellevue-way-apartments-bellevue-wa/m82887l/#reviewsSection,https://www.apartmentratings.com/WA/Bellevue/Regent At Bellevue Way_425827267898004
Renaissance at North Bend,https://g.page/r/CRuWgZznUIYjEBM/review,https://www.apartments.com/renaissance-at-north-bend-austin-tx/l10v88g/#reviewsSection,https://www.apartmentratings.com/TX/Austin/Renaissance at North Bend_512973800078758
Reserve Apartments,https://g.page/r/CRLETnZEE7_2EBM/review,https://www.apartments.com/the-reserve-apartments-gulf-breeze-fl/qs88vvx/#reviewsSection,https://www.apartmentratings.com/FL/Gulf Breeze/Greystone Reserve_888833855032563
Reserve at Johnson City,https://g.page/r/CQACR04szrX7EBM/review,https://www.apartments.com/the-reserve-at-johnson-city-johnson-city-tn/rhkl6f0/#reviewsSection,https://www.apartmentratings.com/TN/Johnson City/The Reserve at Johnson City_9199332346275153982
Reserve at Meadowmont,https://g.page/r/CUP5wmhmQmXYEBM/review,https://www.apartments.com/the-reserve-at-meadowmont-chapel-hill-nc/k7t42z9/#reviewsSection,https://www.apartmentratings.com/NC/Chapel Hill/Reserve at Meadowmont_919918111027514
Residence at Midland,https://g.page/r/CUV1ZW-8kpMbEBM/review,https://www.apartments.com/residence-at-midland-midland-tx/h2x6e03/#reviewsSection,https://www.apartmentratings.com/TX/Midland/The Residence at Midland Apartments_9199332346275157044
Residences at Chastain,https://g.page/r/CdXUdD-jcdrgEBM/review,https://www.apartments.com/residences-at-chastain-atlanta-ga/nvfxq1q/#reviewsSection,https://www.apartmentratings.com/GA/Atlanta/The Residences At Chastain_9199332346275153984
Revive Benton,https://g.page/r/CdGe_RJcMWyZEBM/review,https://www.apartments.com/revive-benton-benton-ar/9bgz8x4/#reviewsSection,https://www.apartmentratings.com/AR/Benton/Revive Benton Apartments_501776000672015
Ridge at Perry Bend,https://g.page/r/CeKlSF9GwDRgEBM/review,https://www.apartments.com/ridge-at-perry-bend-easley-sc/tl4nqqc/#reviewsSection,https://www.apartmentratings.com/SC/Easley/Ridge at Perry Bend_9199332346275175874
Ridge at Rolling Hills,https://g.page/r/CWZ7O4SBnOk7EBM/review,https://www.apartments.com/ridge-at-rolling-hills-easley-sc/dyph1dl/#reviewsSection,https://www.apartmentratings.com/SC/Easley/Ridge at Rolling Hill_9199332346275204386
Riverhouse at 11th,https://g.page/r/CTLYbFxiXvoAEBM/review,https://www.apartments.com/riverhouse-at-11th-miami-fl/k0dxemb/#reviewsSection,https://www.apartmentratings.com/FL/Miami/Riverhouse at 11th_9199332346275175103
Riverwalk Grand,https://g.page/r/CaDIq2nmqewcEBM/review,https://www.apartments.com/riverwalk-grand-titusville-fl/n16nfsp/#reviewsSection,https://www.apartmentratings.com/fl/titusville/riverwalk-grand_9199332346275209161/#ratingsReviews
Roswell Court,https://g.page/r/CQEcacP9dYwcEBM/review,https://www.apartments.com/roswell-court-condos-atlanta-ga/91gple7/#reviewsSection,https://www.apartmentratings.com/GA/Atlanta/Roswell Court Condos_9199332346275175772
Saba Pompano Beach,https://g.page/r/CQ7Nus30QvV9EBM/review,,https://www.apartmentratings.com/FL/Pompano Beach/Saba Pompano Beach_9199332346275197825
Second Avenue,https://g.page/r/CcImiVt57SwuEBM/review,https://www.apartments.com/second-avenue-apartments-columbus-ga/eee1zxm/#reviewsSection,https://www.apartmentratings.com/GA/Columbus/Second Avenue Apartments_9199332346275195488
Shadowood Heights,https://g.page/r/CUe2zrq5itcAEBM/review,https://www.apartments.com/the-heights-at-shadowood-atlanta-ga/2rnl749/#reviewsSection,https://www.apartmentratings.com/GA/Marietta/Shadowood Heights_9199332346275201893
Sherwood Station,https://g.page/r/CYHK8yZTid2rEBM/review,https://www.apartments.com/sherwood-station-winston-salem-nc/s2dnz64/#reviewsSection,https://www.apartmentratings.com/NC/Winston-Salem/Sherwood Station_336765497227106
Shoals at Chickamauga Lake,https://g.page/r/CagnmMy-KiHeEBM/review,https://www.apartments.com/the-shoals-at-chickamauga-lake-chattanooga-tn/j249447/#reviewsSection,https://www.apartmentratings.com/TN/Chattanooga/The Shoals at Chickamauga Lake_423877984437415
Silvana Oaks,https://g.page/r/CQIhHLE45CFWEBM/review,https://www.apartments.com/silvana-oaks-north-charleston-sc/4y3xddk/#reviewsSection,https://www.apartmentratings.com/SC/North Charleston/Silvana Oaks Apartments_843628007729420
Society Westshore,https://g.page/r/CdXdqYhULJDCEBM/review,https://www.apartments.com/society-westshore-tampa-fl/vbmts5f/#reviewsSection,https://www.apartmentratings.com/FL/Tampa/Society Westshore Apartments_9199332346275164368
SoCo Park Apartments,https://g.page/r/CSgKFWN095XUEBM/review,https://www.apartments.com/soco-park-apartment-homes-austin-tx/p8ktmxt/#reviewsSection,https://www.apartmentratings.com/TX/Austin/SoCo Park_512445500078745
Southcrest Reserve,,https://www.apartments.com/southcrest-reserve-brentwood-tn/wt4swch/#reviewsSection,https://www.apartmentratings.com/TN/Brentwood/Southcrest Reserve_9199332346275207116
Springs at 1100,https://g.page/r/CT4tMn8rwSmIEBM/review,https://www.apartments.com/the-springs-at-1100-killeen-tx/s6x7x47/#reviewsSection,https://www.apartmentratings.com/TX/Killeen/The Springs at 1100_9199332346275195822
Square One,https://g.page/r/CV24IcjpchY-EBM/review,https://www.apartments.com/square-one-baton-rouge-la/ckv2trf/#reviewsSection,https://www.apartmentratings.com/LA/Baton Rouge/Square One_9199332346275154743
Sterling Nashville West,https://g.page/r/Cfdc177O9fIrEBM/review,https://www.apartments.com/sterling-nashville-west-nashville-tn/km1x6cb/#reviewsSection,https://www.apartmentratings.com/TN/Nashville/Sterling Nashville West_9199332346275199260
Stetson Ridge,https://g.page/r/CV16xkJo1S01EBM/review,https://www.apartments.com/stetson-ridge-colorado-springs-co/90ybcy5/#reviewsSection,https://www.apartmentratings.com/CO/Colorado Springs/Stetson Ridge_719597759980922
Sutter Lake,https://g.page/r/CWthEWfnITVAEBM/review,https://www.apartments.com/sutter-lake-riverdale-ga/790x6sw/#reviewsSection,https://www.apartmentratings.com/GA/Riverdale/Sutter Lake by ARIUM_770478946330274
Terano Apartments,https://g.page/r/CZQGYas3eFboEBM/review,https://www.apartments.com/terano-apartment-homes-rockville-md/vdekrrf/#reviewsSection,https://www.apartmentratings.com/MD/Rockville/The Terano_9199332346275168150
Terrabella Coastal,https://g.page/r/CaKFK3M-wWVfEBM/review,https://www.apartments.com/terrabella-jacksonville-fl/547f4mn/#reviewsSection,https://www.apartmentratings.com/FL/Jacksonville/Terrabella_9199332346275195876
Tessa at Barrow Crossing,https://g.page/r/CX7tnfsqzGTyEBM/review,https://www.apartments.com/tessa-barrow-crossing-townhomes-winder-ga/8ynq290/#reviewsSection,https://www.apartmentratings.com/GA/Winder/Tessa Barrow Crossing_9199332346275205302
The Altair,https://g.page/r/CeqEJrP7E9AMEBM/review,,https://www.apartmentratings.com/FL/Pensacola/The Altair Senior Apartment Living_9199332346275199555
The Ashley,https://g.page/r/CSNh5dW0gNZdEBM/review,https://www.apartments.com/the-ashley-immokalee-fl/4dz9lvk/#reviewsSection,https://www.apartmentratings.com/FL/Immokalee/The Ashley_239658826734142
The Aster,https://g.page/r/CVgB3Q276xh4EBM/review,https://www.apartments.com/the-aster-mauldin-sc/cngw83f/#reviewsSection,https://www.apartmentratings.com/SC/Mauldin/The Aster Apartment Homes_9199332346275207115
The Banks Apts,https://g.page/r/Cdj1_fIWMObWEBM/review,https://www.apartments.com/the-banks-apartments-belmont-nc/wqve5hl/#reviewsSection,https://www.apartmentratings.com/NC/Belmont/The Banks_9199332346275204384
The Bengal,https://g.page/r/CY_rTd3S_ziZEBM/review,https://www.apartments.com/the-bengal-baton-rouge-la/yclcv7r/#reviewsSection,https://www.apartmentratings.com/LA/Baton Rouge/The Bengal_9199332346275201805
The Bond,https://g.page/r/CZa7XUNwbkLMEBM/review,https://www.apartments.com/the-bond-redmond-wa/sxe4jq5/#reviewsSection,https://www.apartmentratings.com/WA/Redmond/The Bond_9199332346275197409
The Collins,https://g.page/r/CTM0t8sf1UyYEBM/review,https://www.apartments.com/the-collins-huntsville-al/dvvm5sl/#reviewsSection,https://www.apartmentratings.com/AL/Huntsville/The Collins_9199332346275192064
The Crockett,https://g.page/r/CQHF9RL2YNm7EBM/review,https://www.apartments.com/the-crockett-hermitage-tn/yyvn6dr/#reviewsSection,https://www.apartmentratings.com/tn/hermitage/the-crockett-apartments_9199332346275201981/#ratingsReviews
The Darnell,https://g.page/r/Cao3heuGFjGTEBM/review,https://www.apartments.com/the-darnell-norcross-ga/qh9w3py/#reviewsSection,https://www.apartmentratings.com/GA/Norcross/The Darnell_9199332346275203352
The Dempsey,https://g.page/r/CbS9DvOjrY_6EBM/review,https://www.apartments.com/the-dempsey-madison-al/s08ssq4/#reviewsSection,https://www.apartmentratings.com/AL/Madison/The Dempsey_9199332346275201521
The Easton Riverview,https://g.page/r/Cb7Cj7PrpL2FEBM/review,https://www.apartments.com/the-easton-riverview-apartments-ruskin-fl/vky2yze/#reviewsSection,https://www.apartmentratings.com/FL/Ruskin/The Easton Riverview_9199332346275201245
The Farm at Golston Hill,https://g.page/r/CSmEUYOjipOIEBM/review,https://www.apartments.com/the-farm-at-golston-hill-columbia-tn/gwt9qpw/#reviewsSection,https://www.apartmentratings.com/TN/Columbia/The Farm at Golston Hill_9199332346275186148
The Grafton,https://g.page/r/CZQo70lYRVhwEBM/review,https://www.apartments.com/the-grafton-rogers-ar/6xhrwsr/#reviewsSection,https://www.apartmentratings.com/AR/Rogers/The Grafton_9199332346275204336
The Huntley,https://g.page/r/CbM5HEr-Ez5rEBM/review,https://www.apartments.com/the-huntley-atlanta-ga/3nm399g/#reviewsSection,https://www.apartmentratings.com/GA/Atlanta/The Huntley_9199332346275174513
The Ivy Residences at Health Village,https://g.page/r/Cbkhml8OZtTcEBM/review,https://www.apartments.com/the-ivy-residences-at-health-village-orlando-fl/mc0ckxh/#reviewsSection,https://www.apartmentratings.com/FL/Orlando/The Ivy Residences at Health Village_9199332346275152637
The Julian,https://g.page/r/CejRQWuw4aBFEBM/review,https://www.apartments.com/the-julian-orlando-apartments-orlando-fl/wrwnr6l/#reviewsSection,https://www.apartmentratings.com/FL/Orlando/The Julian Orlando_9199332346275199467
The Legacy Apartments,https://g.page/r/Cd7iFsSl1Nd1EBM/review,https://www.apartments.com/legacy-tampa-fl/p8pjv0r/#reviewsSection,https://www.apartmentratings.com/FL/Tampa/Legacy Apartments _813237374933603
The Link,https://g.page/r/CV_BAwPg92NoEBM/review,https://www.apartments.com/the-link-dallas-tx/z2d6rbz/#reviewsSection,https://www.apartmentratings.com/TX/Dallas/Link Apartments _214503809975243
The Links at Pebble Creek,https://g.page/r/CfHA5bHXfxL7EBM/review,https://www.apartments.com/links-at-pebble-creek-tampa-fl/z902q9w/#reviewsSection,https://www.apartmentratings.com/FL/Tampa/The Links at Pebble Creek_9199332346275142922
The Parker at Maitland Station,https://g.page/r/Cb0vmg1LGzG5EBM/review,https://www.apartments.com/the-parker-at-maitland-station-maitland-fl/t2tl9b8/#reviewsSection,https://www.apartmentratings.com/FL/Maitland/The Parker at Maitland Station_9199332346275173542
The Presley,https://g.page/r/CWE8aE_XxNmREBM/review,https://www.apartments.com/the-presley-nashville-tn/sn97cg6/#reviewsSection,https://www.apartmentratings.com/TN/Nashville/The Presley_9199332346275181466
The Retreat at Spring Creek,https://g.page/r/Ca2uQOOt0kagEBM/review,https://www.apartments.com/the-retreat-at-spring-creek-cleveland-tn/hmf6sl2/#reviewsSection,https://www.apartmentratings.com/TN/Cleveland/The Retreat at Spring Creek_9199332346275145701
The Ridge at Chenal Valley,https://g.page/r/Ceyq8px-0J4bEBM/review,https://www.apartments.com/the-ridge-at-chenal-valley-little-rock-ar/brl2shb/#reviewsSection,https://www.apartmentratings.com/AR/Little Rock/Ridge at Chenal Valley_9199332346275152125
The Rise,https://g.page/r/CX3vrUSQiJC4EBM/review,https://www.apartments.com/the-rise-memphis-tn/xfwp9qq/#reviewsSection,https://www.apartmentratings.com/TN/Memphis/The Rise_9199332346275190843
The Sylvan,https://g.page/r/Cbx5Zhq0B5M2EBM/review,https://www.apartments.com/the-sylvan-nashville-tn/phqs2bs/#reviewsSection,https://www.apartmentratings.com/TN/Nashville/The Sylvan_615352890037209
The Teale,https://g.page/r/CRIACJIRgxw_EBM/review,https://www.apartments.com/the-teale-kissimmee-fl/m9957ql/#reviewsSection,https://www.apartmentratings.com/FL/Kissimmee/The Teale_9199332346275197080
The Tyde,https://g.page/r/CYJhhtdZIJELEBM/review,https://www.apartments.com/the-tyde-panama-city-beach-fl/q1hrx0z/#reviewsSection,https://www.apartmentratings.com/FL/Panama City/The Tyde_9199332346275195377
The Victor,https://g.page/r/CUSpGnIao21zEBM/review,https://www.apartments.com/the-victor-apartments-saint-louis-mo/k0dspjc/#reviewsSection,https://www.apartmentratings.com/MO/Saint Louis/The Victor_9199332346275204087
The Villa at River Pointe Drive,https://g.page/r/CZuNzk0nfD77EBM/review,https://www.apartments.com/the-villa-at-river-pointe-drive-maumelle-ar/vd430cf/#reviewsSection,https://www.apartmentratings.com/AR/Maumelle/The Villa at River Pointe Drive_9199332346275200987
The Vue,https://g.page/r/CRK5ZpAGm9WYEBM/review,https://www.apartments.com/the-vue-beachwood-beachwood-oh/9v719j5/#reviewsSection,https://www.apartmentratings.com/oh/beachwood/the-vue_9199332346275170858/#ratingsReviews
The Waters at Chenal,https://g.page/r/CdbRSt95nVxWEBM/review,https://www.apartments.com/the-waters-at-chenal-little-rock-ar/rb33g30/#reviewsSection,https://www.apartmentratings.com/AR/Little Rock/The Waters at Chenal_501225341672211
Trail Ridge at Woodland Park,https://g.page/r/CcCYiFcgCX7XEBM/review,https://www.apartments.com/trail-ridge-at-woodland-park-woodland-park-co/p0yxrjv/#reviewsSection,https://www.apartmentratings.com/CO/Woodland Park/Trail Ridge at Woodland Park_9199332346275153675
Velo Verdae,https://g.page/r/CWYKfd0IDzAwEBM/review,https://www.apartments.com/velo-verdae-greenville-sc/d8ps5bj/#reviewsSection,https://www.apartmentratings.com/SC/Greenville/Velo Verdae_9199332346275180077
Ventana at Valwood Apartments,https://g.page/r/CbMDABiZKRQpEBM/review,https://www.apartments.com/ventana-at-valwood-apartments-farmers-branch-tx/g6h9j0z/#reviewsSection,https://www.apartmentratings.com/TX/Farmers Branch/Ventana at Valwood_972241336375234
Ventana Ridge,https://g.page/r/Cckh5rX2XFHSEBM/review,https://www.apartments.com/ventana-ridge-dallas-tx/pj145kt/#reviewsSection,https://www.apartmentratings.com/TX/Dallas/Ventana Ridge_214350843275220
Venue Brookwood,https://g.page/r/CXkQHBQ9gPvsEBM/review,https://www.apartments.com/venue-brookwood-atlanta-ga/6hmnndv/#reviewsSection,https://www.apartmentratings.com/GA/Atlanta/Venue Brookwood_9199332346275163492
Villages at Fort Town,https://g.page/r/CWZSIyQxVrGdEBM/review,https://www.apartments.com/the-villages-at-fort-town-fort-oglethorpe-ga/r8tyhm0/#reviewsSection,https://www.apartmentratings.com/GA/Fort Oglethorpe/The Village at Fort Town_9199332346275175972
Vintage at Emory Road,https://g.page/r/CX3-99cuWXZkEBM/review,https://www.apartments.com/vintage-at-emory-road-powell-tn/mmeg3fk/#reviewsSection,https://www.apartmentratings.com/TN/Powell/Vintage at Emory Road_9199332346275169903
Vintage at Foxland Harbor,https://g.page/r/CaUdl95j0EFwEBM/review,https://www.apartments.com/vintage-foxland-gallatin-tn/e2emf6q/#reviewsSection,https://www.apartmentratings.com/TN/Gallatin/Vintage Foxland_9199332346275178464
Vintage Cleveland,https://g.page/r/CVuEB0IWqZlmEBM/review,https://www.apartments.com/vintage-crossing-gallatin-tn/2kn4md8/#reviewsSection,https://www.apartmentratings.com/TN/Cleveland/Vintage Cleveland_9199332346275201612
Vintage Creekwood Park,https://g.page/r/CUzvbelY4nBVEBM/review,https://www.apartments.com/vintage-creekwood-park-lenoir-city-tn/l271lee/#reviewsSection,https://www.apartmentratings.com/TN/Lenoir City/Vintage Creekwood Park_9199332346275143637
Vintage Crossing,https://g.page/r/CVp922C3cMbyEBM/review,https://www.apartments.com/vintage-crossing-gallatin-tn/2kn4md8/#reviewsSection,https://www.apartmentratings.com/TN/Cleveland/Vintage Cleveland_9199332346275201612
Vintage Hunters Crossing,https://g.page/r/CZ0P6J-YAyI7EBM/review,https://www.apartments.com/vintage-hunters-crossing-alcoa-tn/0y3mdb2/#reviewsSection,https://www.apartmentratings.com/TN/Alcoa/Vintage Hunters Crossing_9199332346275199308
Vintage Lake Mary,https://g.page/r/CeOVgTc4Ybx8EBM/review,https://www.apartments.com/vintage-lake-mary-sanford-fl/pmjr2rt/#reviewsSection,https://www.apartmentratings.com/FL/Sanford/Vintage Lake Mary_9199332346275201508
Vintage Winter Park Apartments,https://g.page/r/CZfg1EcpExj4EBM/review,https://www.apartments.com/vintage-winter-park-winter-park-fl/cnz1q6f/#reviewsSection,https://www.apartmentratings.com/fl/winter-park/vintage-winter-park_9199332346275194385/#ratingsReviews
Waterleaf at Cold Springs,https://g.page/r/CeT3rRcaBYmlEBM/review,https://www.apartments.com/waterleaf-at-cold-springs-huntsville-al/rdfhp62/#reviewsSection,https://www.apartmentratings.com/AL/Huntsville/Waterleaf at Cold Springs_9199332346275203057
Waters Landing,https://g.page/r/CRZZ2E9QX99SEBM/review,,https://www.apartmentratings.com/MI/Saginaw/Waters Landing Apartments_989792895148603
Wellington Place,https://g.page/r/CQbANhFrqxZUEBM/review,https://www.apartments.com/wellington-place-summerville-sc/85ef640/#reviewsSection,https://www.apartmentratings.com/SC/Summerville/Wellington Place_843873707129485
Wellspring,https://g.page/r/CW6UeP4bBlP5EBM/review,https://www.apartments.com/wellspring-columbia-sc/rr4hwr2/#reviewsSection,https://www.apartmentratings.com/SC/Columbia/Wellspring Apartments_803781954129212
Wildwood Apartments,https://g.page/r/Ce_uC-j2kAFiEBM/review,https://www.apartments.com/wildwood-apartments-charlotte-nc/ty23h2c/#reviewsSection,https://www.apartmentratings.com/NC/Charlotte/Wildwood Apartments_704523338528209
Wildwood Ridge Ph I,https://g.page/r/CR2vPUzdbXQYEBM/review,https://www.apartments.com/wildwood-ridge-atlanta-ga/ejwhm8p/#reviewsSection,https://www.apartmentratings.com/GA/Atlanta/Wildwood Ridge _770850190130339
Willow Creek I,,,